ID,Weekly_Sales
9_1_2012-11-02,16738.959
9_2_2012-11-02,26466.123
9_3_2012-11-02,6832.9355
9_4_2012-11-02,18761.44
9_5_2012-11-02,20716.082
9_6_2012-11-02,2425.7917
9_1_2012-11-09,14430.757
9_2_2012-11-09,25812.375
9_3_2012-11-09,6770.6978
9_4_2012-11-09,17893.86
9_5_2012-11-09,21737.053
9_6_2012-11-09,2295.891
9_1_2012-11-16,15286.747
9_2_2012-11-16,27070.52
9_3_2012-11-16,7374.8047
9_4_2012-11-16,18871.445
9_5_2012-11-16,24587.883
9_6_2012-11-16,3266.331
9_1_2012-11-23,14321.565
9_2_2012-11-23,26521.295
9_3_2012-11-23,7543.3438
9_4_2012-11-23,20173.67
9_5_2012-11-23,50337.55
9_6_2012-11-23,9529.74
9_1_2012-11-30,16328.58
9_2_2012-11-30,23929.19
9_3_2012-11-30,5773.9575
9_4_2012-11-30,17132.457
9_5_2012-11-30,22872.787
9_6_2012-11-30,5158.3584
9_1_2012-12-07,14870.018
9_2_2012-12-07,26608.12
9_3_2012-12-07,6272.9487
9_4_2012-12-07,18061.35
9_5_2012-12-07,25254.145
9_6_2012-12-07,2351.118
9_1_2012-12-14,19890.66
9_2_2012-12-14,28590.857
9_3_2012-12-14,8426.116
9_4_2012-12-14,17906.883
9_5_2012-12-14,31269.34
9_6_2012-12-14,4030.101
9_1_2012-12-21,19574.195
9_2_2012-12-21,32073.69
9_3_2012-12-21,10638.496
9_4_2012-12-21,20360.518
9_5_2012-12-21,44884.37
9_6_2012-12-21,7587.214
9_1_2012-12-28,12040.042
9_2_2012-12-28,24132.998
9_3_2012-12-28,6741.0273
9_4_2012-12-28,17146.979
9_5_2012-12-28,27243.207
9_6_2012-12-28,4108.3574
9_1_2013-01-04,9914.617
9_2_2013-01-04,24852.645
9_3_2013-01-04,8755.29
9_4_2013-01-04,19049.256
9_5_2013-01-04,20052.615
9_6_2013-01-04,1880.356
9_1_2013-01-11,11297.501
9_2_2013-01-11,24369.861
9_3_2013-01-11,9478.126
9_4_2013-01-11,17991.709
9_5_2013-01-11,19200.45
9_6_2013-01-11,2212.0364
9_1_2013-01-18,13963.793
9_2_2013-01-18,24235.373
9_3_2013-01-18,9541.693
9_4_2013-01-18,17196.967
9_5_2013-01-18,19848.783
9_6_2013-01-18,2582.028
9_1_2013-01-25,10842.851
9_2_2013-01-25,25320.86
9_3_2013-01-25,8955.995
9_4_2013-01-25,17432.72
9_5_2013-01-25,23542.428
9_6_2013-01-25,2637.6511
9_1_2013-02-01,9728.98
9_2_2013-02-01,25886.176
9_3_2013-02-01,6798.993
9_4_2013-02-01,18269.0
9_5_2013-02-01,22725.28
9_6_2013-02-01,2256.488
9_1_2013-02-08,13845.287
9_2_2013-02-08,26653.516
9_3_2013-02-08,6998.145
9_4_2013-02-08,18700.496
9_5_2013-02-08,24225.633
9_6_2013-02-08,2182.9104
9_1_2013-02-15,17688.29
9_2_2013-02-15,25414.27
9_3_2013-02-15,6271.9873
9_4_2013-02-15,16656.88
9_5_2013-02-15,25082.3
9_6_2013-02-15,1653.5177
9_1_2013-02-22,21866.69
9_2_2013-02-22,26983.861
9_3_2013-02-22,7272.358
9_4_2013-02-22,17327.797
9_5_2013-02-22,22499.725
9_6_2013-02-22,1877.6046
9_1_2013-03-01,7757.4214
9_2_2013-03-01,25909.623
9_3_2013-03-01,7299.0015
9_4_2013-03-01,18435.234
9_5_2013-03-01,22179.57
9_6_2013-03-01,2860.163
9_1_2013-03-08,11678.807
9_2_2013-03-08,27160.102
9_3_2013-03-08,6664.892
9_4_2013-03-08,18707.69
9_5_2013-03-08,21252.467
9_6_2013-03-08,2487.7363
9_1_2013-03-15,13616.406
9_2_2013-03-15,25622.367
9_3_2013-03-15,6494.819
9_4_2013-03-15,17285.246
9_5_2013-03-15,21165.754
9_6_2013-03-15,1553.8735
9_1_2013-03-22,14864.071
9_2_2013-03-22,25528.336
9_3_2013-03-22,6070.632
9_4_2013-03-22,17380.729
9_5_2013-03-22,19535.205
9_6_2013-03-22,2262.8235
9_1_2013-03-29,15595.599
9_2_2013-03-29,25287.322
9_3_2013-03-29,6028.501
9_4_2013-03-29,16797.057
9_5_2013-03-29,19948.79
9_6_2013-03-29,1936.1587
9_1_2013-04-05,18543.625
9_2_2013-04-05,27063.693
9_3_2013-04-05,6169.0864
9_4_2013-04-05,19322.99
9_5_2013-04-05,21275.836
9_6_2013-04-05,2100.7993
9_1_2013-04-12,13208.894
9_2_2013-04-12,25381.53
9_3_2013-04-12,7393.6177
9_4_2013-04-12,17982.55
9_5_2013-04-12,18995.498
9_6_2013-04-12,2506.2434
9_1_2013-04-19,11846.438
9_2_2013-04-19,26088.31
9_3_2013-04-19,8647.412
9_4_2013-04-19,18202.768
9_5_2013-04-19,18069.11
9_6_2013-04-19,2243.9404
9_1_2013-04-26,11942.986
9_2_2013-04-26,25111.111
9_3_2013-04-26,5827.7305
9_4_2013-04-26,17585.828
9_5_2013-04-26,20094.666
9_6_2013-04-26,2276.7998
9_1_2013-05-03,11001.282
9_2_2013-05-03,33749.074
9_3_2013-05-03,5666.2495
9_4_2013-05-03,17416.514
9_5_2013-05-03,16331.57
9_6_2013-05-03,2519.8372
9_1_2013-05-10,11900.656
9_2_2013-05-10,32784.03
9_3_2013-05-10,5847.41
9_4_2013-05-10,16484.1
9_5_2013-05-10,15969.703
9_6_2013-05-10,3019.237
9_1_2013-05-17,10769.882
9_2_2013-05-17,32723.205
9_3_2013-05-17,9457.057
9_4_2013-05-17,16225.524
9_5_2013-05-17,15458.498
9_6_2013-05-17,2470.5564
9_1_2013-05-24,9014.151
9_2_2013-05-24,32612.19
9_3_2013-05-24,10235.871
9_4_2013-05-24,16518.379
9_5_2013-05-24,14544.732
9_6_2013-05-24,1980.2039
9_1_2013-05-31,9073.12
9_2_2013-05-31,32359.658
9_3_2013-05-31,14568.966
9_4_2013-05-31,16874.871
9_5_2013-05-31,14472.651
9_6_2013-05-31,1499.9524
9_1_2013-06-07,9533.159
9_2_2013-06-07,34137.277
9_3_2013-06-07,9950.259
9_4_2013-06-07,18131.416
9_5_2013-06-07,16766.715
9_6_2013-06-07,2248.3892
9_1_2013-06-14,9271.722
9_2_2013-06-14,32216.516
9_3_2013-06-14,9984.212
9_4_2013-06-14,16152.447
9_5_2013-06-14,15587.114
9_6_2013-06-14,1726.7788
9_1_2013-06-21,9278.437
9_2_2013-06-21,32359.154
9_3_2013-06-21,10806.081
9_4_2013-06-21,16638.531
9_5_2013-06-21,15136.078
9_6_2013-06-21,1910.2396
9_1_2013-06-28,8752.398
9_2_2013-06-28,32934.754
9_3_2013-06-28,11670.45
9_4_2013-06-28,17089.576
9_5_2013-06-28,15088.711
9_6_2013-06-28,1933.4742
9_1_2013-07-05,9581.3545
9_2_2013-07-05,34453.246
9_3_2013-07-05,8431.973
9_4_2013-07-05,18470.83
9_5_2013-07-05,14759.31
9_6_2013-07-05,2142.6292
9_1_2013-07-12,9088.071
9_2_2013-07-12,33174.63
9_3_2013-07-12,13965.823
9_4_2013-07-12,16767.877
9_5_2013-07-12,14065.586
9_6_2013-07-12,1797.9023
9_1_2013-07-19,10142.722
9_2_2013-07-19,32729.627
9_3_2013-07-19,14163.705
9_4_2013-07-19,16959.723
9_5_2013-07-19,14384.086
9_6_2013-07-19,1707.8251
9_1_2013-07-26,8846.983
9_2_2013-07-26,32679.918
9_3_2013-07-26,17761.213
9_4_2013-07-26,16748.17
9_5_2013-07-26,13291.312
9_6_2013-07-26,1103.1725
19_1_2012-11-02,19400.986
19_2_2012-11-02,46732.816
19_3_2012-11-02,13725.98
19_4_2012-11-02,31669.578
19_5_2012-11-02,24531.678
19_6_2012-11-02,5211.534
19_1_2012-11-09,24445.502
19_2_2012-11-09,48079.8
19_3_2012-11-09,14843.987
19_4_2012-11-09,31473.574
19_5_2012-11-09,30580.375
19_6_2012-11-09,4113.9673
19_1_2012-11-16,30243.244
19_2_2012-11-16,46085.133
19_3_2012-11-16,12072.576
19_4_2012-11-16,30829.65
19_5_2012-11-16,28966.627
19_6_2012-11-16,4151.8457
19_1_2012-11-23,31096.791
19_2_2012-11-23,50277.715
19_3_2012-11-23,13378.033
19_4_2012-11-23,33933.88
19_5_2012-11-23,63758.926
19_6_2012-11-23,15191.459
19_1_2012-11-30,23786.984
19_2_2012-11-30,47674.176
19_3_2012-11-30,14017.962
19_4_2012-11-30,29332.172
19_5_2012-11-30,30700.773
19_6_2012-11-30,7434.0225
19_1_2012-12-07,27546.297
19_2_2012-12-07,54645.625
19_3_2012-12-07,17259.21
19_4_2012-12-07,33967.42
19_5_2012-12-07,35095.547
19_6_2012-12-07,6392.8247
19_1_2012-12-14,34010.074
19_2_2012-12-14,56089.11
19_3_2012-12-14,18442.377
19_4_2012-12-14,34568.656
19_5_2012-12-14,46267.168
19_6_2012-12-14,5990.0933
19_1_2012-12-21,41304.195
19_2_2012-12-21,64099.13
19_3_2012-12-21,23345.8
19_4_2012-12-21,38664.625
19_5_2012-12-21,64864.863
19_6_2012-12-21,14356.05
19_1_2012-12-28,20131.371
19_2_2012-12-28,47253.65
19_3_2012-12-28,14103.232
19_4_2012-12-28,32253.701
19_5_2012-12-28,31764.387
19_6_2012-12-28,7587.9673
19_1_2013-01-04,14738.393
19_2_2013-01-04,45343.566
19_3_2013-01-04,15969.45
19_4_2013-01-04,30663.912
19_5_2013-01-04,20250.67
19_6_2013-01-04,2679.5842
19_1_2013-01-11,15511.809
19_2_2013-01-11,44323.414
19_3_2013-01-11,15120.737
19_4_2013-01-11,28866.906
19_5_2013-01-11,19256.2
19_6_2013-01-11,2414.191
19_1_2013-01-18,21971.014
19_2_2013-01-18,42796.875
19_3_2013-01-18,14127.54
19_4_2013-01-18,26967.633
19_5_2013-01-18,19570.906
19_6_2013-01-18,2339.1687
19_1_2013-01-25,13996.428
19_2_2013-01-25,45438.25
19_3_2013-01-25,19286.754
19_4_2013-01-25,28980.857
19_5_2013-01-25,23292.79
19_6_2013-01-25,3057.9807
19_1_2013-02-01,15204.263
19_2_2013-02-01,47052.754
19_3_2013-02-01,12208.121
19_4_2013-02-01,29453.266
19_5_2013-02-01,30072.46
19_6_2013-02-01,3797.4297
19_1_2013-02-08,24980.666
19_2_2013-02-08,49207.047
19_3_2013-02-08,14691.099
19_4_2013-02-08,31726.285
19_5_2013-02-08,28111.773
19_6_2013-02-08,3737.4841
19_1_2013-02-15,36847.324
19_2_2013-02-15,47399.668
19_3_2013-02-15,12875.32
19_4_2013-02-15,29018.496
19_5_2013-02-15,31666.729
19_6_2013-02-15,3800.8784
19_1_2013-02-22,34909.785
19_2_2013-02-22,47884.0
19_3_2013-02-22,11677.55
19_4_2013-02-22,28753.217
19_5_2013-02-22,29849.223
19_6_2013-02-22,2354.0254
19_1_2013-03-01,40613.195
19_2_2013-03-01,48774.297
19_3_2013-03-01,12467.106
19_4_2013-03-01,29331.994
19_5_2013-03-01,26602.525
19_6_2013-03-01,3161.8206
19_1_2013-03-08,25534.916
19_2_2013-03-08,48792.13
19_3_2013-03-08,13221.818
19_4_2013-03-08,30088.975
19_5_2013-03-08,28132.045
19_6_2013-03-08,3254.7583
19_1_2013-03-15,21994.479
19_2_2013-03-15,45377.996
19_3_2013-03-15,10765.408
19_4_2013-03-15,27071.229
19_5_2013-03-15,25299.596
19_6_2013-03-15,2437.7205
19_1_2013-03-22,29232.168
19_2_2013-03-22,47724.19
19_3_2013-03-22,12076.684
19_4_2013-03-22,28038.799
19_5_2013-03-22,28784.574
19_6_2013-03-22,2636.5525
19_1_2013-03-29,19546.697
19_2_2013-03-29,48119.375
19_3_2013-03-29,12634.513
19_4_2013-03-29,28001.871
19_5_2013-03-29,23934.08
19_6_2013-03-29,2948.2124
19_1_2013-04-05,38419.12
19_2_2013-04-05,50387.22
19_3_2013-04-05,11570.135
19_4_2013-04-05,29466.094
19_5_2013-04-05,25278.842
19_6_2013-04-05,2534.2803
19_1_2013-04-12,32921.293
19_2_2013-04-12,47312.453
19_3_2013-04-12,10237.38
19_4_2013-04-12,28126.768
19_5_2013-04-12,23962.424
19_6_2013-04-12,2949.5369
19_1_2013-04-19,26381.2
19_2_2013-04-19,48118.66
19_3_2013-04-19,10587.106
19_4_2013-04-19,29020.133
19_5_2013-04-19,23923.7
19_6_2013-04-19,2759.9714
19_1_2013-04-26,21894.916
19_2_2013-04-26,48354.992
19_3_2013-04-26,8914.419
19_4_2013-04-26,28619.527
19_5_2013-04-26,22834.111
19_6_2013-04-26,3789.8738
19_1_2013-05-03,16923.766
19_2_2013-05-03,49898.113
19_3_2013-05-03,11160.663
19_4_2013-05-03,30249.332
19_5_2013-05-03,18482.373
19_6_2013-05-03,2989.3872
19_1_2013-05-10,17648.697
19_2_2013-05-10,49968.707
19_3_2013-05-10,10938.546
19_4_2013-05-10,29126.426
19_5_2013-05-10,18715.908
19_6_2013-05-10,2680.9324
19_1_2013-05-17,18990.098
19_2_2013-05-17,48684.754
19_3_2013-05-17,10741.071
19_4_2013-05-17,28625.803
19_5_2013-05-17,21234.422
19_6_2013-05-17,2742.076
19_1_2013-05-24,16912.447
19_2_2013-05-24,48989.41
19_3_2013-05-24,9996.055
19_4_2013-05-24,30057.95
19_5_2013-05-24,18991.463
19_6_2013-05-24,2577.6191
19_1_2013-05-31,21169.754
19_2_2013-05-31,50611.855
19_3_2013-05-31,17763.227
19_4_2013-05-31,32670.594
19_5_2013-05-31,20668.504
19_6_2013-05-31,4776.31
19_1_2013-06-07,16636.549
19_2_2013-06-07,50317.008
19_3_2013-06-07,11898.663
19_4_2013-06-07,31849.158
19_5_2013-06-07,20664.703
19_6_2013-06-07,2390.0947
19_1_2013-06-14,16745.99
19_2_2013-06-14,48836.047
19_3_2013-06-14,11703.308
19_4_2013-06-14,29696.412
19_5_2013-06-14,19863.318
19_6_2013-06-14,2416.001
19_1_2013-06-21,16069.892
19_2_2013-06-21,49389.215
19_3_2013-06-21,9915.606
19_4_2013-06-21,30037.39
19_5_2013-06-21,18950.6
19_6_2013-06-21,2796.9746
19_1_2013-06-28,14617.557
19_2_2013-06-28,50275.348
19_3_2013-06-28,18894.547
19_4_2013-06-28,30771.72
19_5_2013-06-28,17379.992
19_6_2013-06-28,2251.0786
19_1_2013-07-05,14959.795
19_2_2013-07-05,51460.188
19_3_2013-07-05,12918.437
19_4_2013-07-05,32410.045
19_5_2013-07-05,18197.732
19_6_2013-07-05,2678.1929
19_1_2013-07-12,14327.144
19_2_2013-07-12,51022.69
19_3_2013-07-12,17112.416
19_4_2013-07-12,30398.166
19_5_2013-07-12,17464.305
19_6_2013-07-12,2027.8159
19_1_2013-07-19,13968.751
19_2_2013-07-19,50763.953
19_3_2013-07-19,24929.855
19_4_2013-07-19,31004.924
19_5_2013-07-19,15986.542
19_6_2013-07-19,2294.8474
19_1_2013-07-26,13992.55
19_2_2013-07-26,52470.76
19_3_2013-07-26,19498.627
19_4_2013-07-26,32869.457
19_5_2013-07-26,18497.025
19_6_2013-07-26,3149.8982
27_1_2012-11-02,30073.666
27_2_2012-11-02,74008.77
27_3_2012-11-02,13486.413
27_4_2012-11-02,42597.234
27_5_2012-11-02,23870.39
27_6_2012-11-02,4861.017
27_1_2012-11-09,35132.664
27_2_2012-11-09,78775.234
27_3_2012-11-09,16859.71
27_4_2012-11-09,41973.957
27_5_2012-11-09,32072.043
27_6_2012-11-09,5147.6533
27_1_2012-11-16,32737.334
27_2_2012-11-16,77710.21
27_3_2012-11-16,15688.025
27_4_2012-11-16,43931.484
27_5_2012-11-16,31377.516
27_6_2012-11-16,6935.4546
27_1_2012-11-23,42034.32
27_2_2012-11-23,85269.65
27_3_2012-11-23,17961.736
27_4_2012-11-23,45707.473
27_5_2012-11-23,54549.22
27_6_2012-11-23,15126.844
27_1_2012-11-30,37594.062
27_2_2012-11-30,69589.81
27_3_2012-11-30,16530.164
27_4_2012-11-30,42532.188
27_5_2012-11-30,34259.176
27_6_2012-11-30,9286.854
27_1_2012-12-07,36570.227
27_2_2012-12-07,79919.984
27_3_2012-12-07,16588.945
27_4_2012-12-07,41073.035
27_5_2012-12-07,31290.117
27_6_2012-12-07,3730.2534
27_1_2012-12-14,44714.914
27_2_2012-12-14,80552.016
27_3_2012-12-14,17386.068
27_4_2012-12-14,42822.035
27_5_2012-12-14,39384.203
27_6_2012-12-14,5234.7607
27_1_2012-12-21,48811.406
27_2_2012-12-21,84306.57
27_3_2012-12-21,19615.945
27_4_2012-12-21,43989.953
27_5_2012-12-21,52477.176
27_6_2012-12-21,8508.634
27_1_2012-12-28,34504.465
27_2_2012-12-28,68358.75
27_3_2012-12-28,13101.204
27_4_2012-12-28,38916.82
27_5_2012-12-28,30650.629
27_6_2012-12-28,7498.7627
27_1_2013-01-04,22870.328
27_2_2013-01-04,70042.484
27_3_2013-01-04,16407.027
27_4_2013-01-04,41831.254
27_5_2013-01-04,20747.639
27_6_2013-01-04,3001.5474
27_1_2013-01-11,23643.922
27_2_2013-01-11,70234.016
27_3_2013-01-11,15863.031
27_4_2013-01-11,38228.242
27_5_2013-01-11,19901.287
27_6_2013-01-11,2666.3872
27_1_2013-01-18,27921.455
27_2_2013-01-18,73208.305
27_3_2013-01-18,16047.615
27_4_2013-01-18,38750.473
27_5_2013-01-18,21808.904
27_6_2013-01-18,3060.195
27_1_2013-01-25,20509.174
27_2_2013-01-25,70236.37
27_3_2013-01-25,15463.128
27_4_2013-01-25,39043.332
27_5_2013-01-25,22921.404
27_6_2013-01-25,4515.4316
27_1_2013-02-01,26319.086
27_2_2013-02-01,71579.24
27_3_2013-02-01,14093.139
27_4_2013-02-01,41481.58
27_5_2013-02-01,25204.785
27_6_2013-02-01,4153.714
27_1_2013-02-08,30347.486
27_2_2013-02-08,72579.4
27_3_2013-02-08,15445.806
27_4_2013-02-08,42980.492
27_5_2013-02-08,26057.385
27_6_2013-02-08,4841.4404
27_1_2013-02-15,40963.555
27_2_2013-02-15,74350.49
27_3_2013-02-15,14408.832
27_4_2013-02-15,40048.98
27_5_2013-02-15,28373.79
27_6_2013-02-15,4609.7725
27_1_2013-02-22,40122.535
27_2_2013-02-22,77050.77
27_3_2013-02-22,13168.12
27_4_2013-02-22,40336.09
27_5_2013-02-22,30900.887
27_6_2013-02-22,3907.9219
27_1_2013-03-01,45608.19
27_2_2013-03-01,72746.35
27_3_2013-03-01,12717.615
27_4_2013-03-01,40315.195
27_5_2013-03-01,23795.156
27_6_2013-03-01,3352.5305
27_1_2013-03-08,28948.4
27_2_2013-03-08,72898.484
27_3_2013-03-08,13502.128
27_4_2013-03-08,41443.406
27_5_2013-03-08,24369.402
27_6_2013-03-08,4818.13
27_1_2013-03-15,26223.227
27_2_2013-03-15,76444.49
27_3_2013-03-15,12936.613
27_4_2013-03-15,39931.363
27_5_2013-03-15,24963.994
27_6_2013-03-15,4679.373
27_1_2013-03-22,33915.848
27_2_2013-03-22,76799.836
27_3_2013-03-22,13139.211
27_4_2013-03-22,39442.38
27_5_2013-03-22,25698.67
27_6_2013-03-22,4665.9644
27_1_2013-03-29,26814.521
27_2_2013-03-29,73350.13
27_3_2013-03-29,12824.122
27_4_2013-03-29,40134.586
27_5_2013-03-29,22303.693
27_6_2013-03-29,4070.092
27_1_2013-04-05,44736.277
27_2_2013-04-05,76933.64
27_3_2013-04-05,11164.189
27_4_2013-04-05,41442.992
27_5_2013-04-05,24583.03
27_6_2013-04-05,3588.0051
27_1_2013-04-12,27819.033
27_2_2013-04-12,77308.15
27_3_2013-04-12,11283.785
27_4_2013-04-12,41065.914
27_5_2013-04-12,25335.316
27_6_2013-04-12,4991.5117
27_1_2013-04-19,29393.412
27_2_2013-04-19,75513.08
27_3_2013-04-19,11654.652
27_4_2013-04-19,40829.79
27_5_2013-04-19,25111.148
27_6_2013-04-19,5140.8438
27_1_2013-04-26,38424.82
27_2_2013-04-26,74383.95
27_3_2013-04-26,10794.374
27_4_2013-04-26,40906.816
27_5_2013-04-26,25007.023
27_6_2013-04-26,5028.6475
27_1_2013-05-03,23189.383
27_2_2013-05-03,74756.95
27_3_2013-05-03,12230.029
27_4_2013-05-03,42612.508
27_5_2013-05-03,22018.031
27_6_2013-05-03,5935.2563
27_1_2013-05-10,24545.16
27_2_2013-05-10,76475.13
27_3_2013-05-10,11850.395
27_4_2013-05-10,42408.07
27_5_2013-05-10,21335.219
27_6_2013-05-10,5814.093
27_1_2013-05-17,30232.998
27_2_2013-05-17,76538.125
27_3_2013-05-17,11666.423
27_4_2013-05-17,40832.285
27_5_2013-05-17,22217.2
27_6_2013-05-17,6066.8555
27_1_2013-05-24,24225.26
27_2_2013-05-24,76775.41
27_3_2013-05-24,10627.274
27_4_2013-05-24,41408.715
27_5_2013-05-24,21353.256
27_6_2013-05-24,5887.075
27_1_2013-05-31,22571.47
27_2_2013-05-31,73754.945
27_3_2013-05-31,15657.517
27_4_2013-05-31,41347.08
27_5_2013-05-31,20838.178
27_6_2013-05-31,5414.7036
27_1_2013-06-07,21854.404
27_2_2013-06-07,79003.016
27_3_2013-06-07,15521.87
27_4_2013-06-07,44408.047
27_5_2013-06-07,21989.791
27_6_2013-06-07,5830.1094
27_1_2013-06-14,22295.9
27_2_2013-06-14,77777.11
27_3_2013-06-14,11405.742
27_4_2013-06-14,41915.355
27_5_2013-06-14,22027.738
27_6_2013-06-14,5768.726
27_1_2013-06-21,22432.936
27_2_2013-06-21,78907.266
27_3_2013-06-21,15333.376
27_4_2013-06-21,41408.45
27_5_2013-06-21,22559.055
27_6_2013-06-21,5839.8164
27_1_2013-06-28,23021.629
27_2_2013-06-28,80150.58
27_3_2013-06-28,20971.928
27_4_2013-06-28,42764.285
27_5_2013-06-28,20913.17
27_6_2013-06-28,5426.777
27_1_2013-07-05,23896.602
27_2_2013-07-05,81818.734
27_3_2013-07-05,20887.717
27_4_2013-07-05,48252.293
27_5_2013-07-05,20766.781
27_6_2013-07-05,6530.9224
27_1_2013-07-12,22752.387
27_2_2013-07-12,83035.516
27_3_2013-07-12,28140.38
27_4_2013-07-12,43711.977
27_5_2013-07-12,20430.43
27_6_2013-07-12,6303.312
27_1_2013-07-19,22521.63
27_2_2013-07-19,87010.15
27_3_2013-07-19,33323.56
27_4_2013-07-19,43844.55
27_5_2013-07-19,20781.645
27_6_2013-07-19,6730.471
27_1_2013-07-26,23270.701
27_2_2013-07-26,86572.72
27_3_2013-07-26,32527.21
27_4_2013-07-26,46398.47
27_5_2013-07-26,21620.334
27_6_2013-07-26,6571.4043
30_1_2012-11-02,10322.184
30_2_2012-11-02,12533.604
30_3_2012-11-02,532.44684
30_4_2012-11-02,13086.453
30_5_2012-11-02,781.5186
30_1_2012-11-09,9575.95
30_2_2012-11-09,12350.759
30_3_2012-11-09,557.1498
30_4_2012-11-09,12325.823
30_5_2012-11-09,313.81552
30_6_2012-11-09,-306.7414
30_1_2012-11-16,8919.5
30_2_2012-11-16,12716.059
30_3_2012-11-16,639.8264
30_4_2012-11-16,12837.822
30_5_2012-11-16,91.70509
30_6_2012-11-16,-191.37045
30_1_2012-11-23,8287.139
30_2_2012-11-23,12284.749
30_3_2012-11-23,479.16653
30_4_2012-11-23,14680.005
30_5_2012-11-23,-929.30756
30_6_2012-11-23,-388.51898
30_1_2012-11-30,11706.511
30_2_2012-11-30,12683.123
30_3_2012-11-30,793.8357
30_4_2012-11-30,13863.179
30_5_2012-11-30,54.53467
30_6_2012-11-30,-750.1347
30_1_2012-12-07,9885.08
30_2_2012-12-07,12579.941
30_3_2012-12-07,597.5948
30_4_2012-12-07,13095.161
30_5_2012-12-07,102.41906
30_1_2012-12-14,11164.653
30_2_2012-12-14,12719.936
30_3_2012-12-14,1086.7332
30_4_2012-12-14,12821.055
30_5_2012-12-14,1094.8665
30_6_2012-12-14,-648.5326
30_1_2012-12-21,10504.636
30_2_2012-12-21,13141.43
30_3_2012-12-21,906.9835
30_4_2012-12-21,14083.761
30_5_2012-12-21,35.97433
30_6_2012-12-21,-595.64386
30_1_2012-12-28,9510.611
30_2_2012-12-28,11875.7705
30_3_2012-12-28,1119.3953
30_4_2012-12-28,13356.82
30_5_2012-12-28,1114.9342
30_6_2012-12-28,-696.70337
30_1_2013-01-04,7385.67
30_2_2013-01-04,11428.758
30_3_2013-01-04,1015.54364
30_4_2013-01-04,13900.647
30_5_2013-01-04,498.16113
30_6_2013-01-04,-572.14453
30_1_2013-01-11,6783.262
30_2_2013-01-11,12330.814
30_3_2013-01-11,874.4823
30_4_2013-01-11,13537.051
30_5_2013-01-11,536.3574
30_6_2013-01-11,-654.6096
30_1_2013-01-18,9701.158
30_2_2013-01-18,12962.513
30_3_2013-01-18,948.7568
30_4_2013-01-18,12820.847
30_5_2013-01-18,4.7785845
30_6_2013-01-18,-677.47156
30_1_2013-01-25,7488.363
30_2_2013-01-25,13985.757
30_3_2013-01-25,880.12006
30_4_2013-01-25,13037.668
30_5_2013-01-25,203.18095
30_6_2013-01-25,-698.31665
30_1_2013-02-01,6608.1704
30_2_2013-02-01,13597.237
30_3_2013-02-01,490.96213
30_4_2013-02-01,13067.125
30_5_2013-02-01,313.40903
30_6_2013-02-01,-413.98193
30_1_2013-02-08,8919.5
30_2_2013-02-08,13974.954
30_3_2013-02-08,984.1024
30_4_2013-02-08,13224.462
30_5_2013-02-08,110.0127
30_6_2013-02-08,-719.34863
30_1_2013-02-15,11787.225
30_2_2013-02-15,13152.008
30_3_2013-02-15,397.80295
30_4_2013-02-15,12130.317
30_5_2013-02-15,865.78516
30_6_2013-02-15,-640.03217
30_1_2013-02-22,15928.563
30_2_2013-02-22,14129.738
30_3_2013-02-22,680.02234
30_4_2013-02-22,12478.931
30_5_2013-02-22,333.5072
30_1_2013-03-01,4760.6304
30_2_2013-03-01,14166.65
30_3_2013-03-01,511.0193
30_4_2013-03-01,13050.116
30_5_2013-03-01,1237.4293
30_6_2013-03-01,-763.79974
30_1_2013-03-08,7963.7007
30_2_2013-03-08,14479.248
30_3_2013-03-08,468.71365
30_4_2013-03-08,12741.073
30_5_2013-03-08,928.68256
30_6_2013-03-08,-658.9136
30_1_2013-03-15,9755.567
30_2_2013-03-15,13845.784
30_3_2013-03-15,337.51752
30_4_2013-03-15,12092.675
30_5_2013-03-15,976.5031
30_6_2013-03-15,-1137.8557
30_1_2013-03-22,12211.889
30_2_2013-03-22,13992.272
30_3_2013-03-22,427.47678
30_4_2013-03-22,12604.8545
30_5_2013-03-22,1154.947
30_1_2013-03-29,11605.507
30_2_2013-03-29,14478.035
30_3_2013-03-29,684.73505
30_4_2013-03-29,12683.889
30_5_2013-03-29,768.265
30_1_2013-04-05,13920.072
30_2_2013-04-05,14460.416
30_3_2013-04-05,579.67334
30_4_2013-04-05,13278.212
30_5_2013-04-05,844.39233
30_1_2013-04-12,9813.781
30_2_2013-04-12,13659.009
30_3_2013-04-12,177.63734
30_4_2013-04-12,12616.467
30_5_2013-04-12,855.63336
30_6_2013-04-12,-561.23267
30_1_2013-04-19,9089.592
30_2_2013-04-19,14299.605
30_3_2013-04-19,148.98283
30_4_2013-04-19,12847.655
30_5_2013-04-19,774.66327
30_6_2013-04-19,-705.4077
30_1_2013-04-26,8816.793
30_2_2013-04-26,14326.787
30_3_2013-04-26,749.62213
30_4_2013-04-26,12786.812
30_5_2013-04-26,751.3424
30_6_2013-04-26,-644.5573
30_1_2013-05-03,10179.957
30_2_2013-05-03,31331.879
30_3_2013-05-03,1367.5464
30_4_2013-05-03,14115.442
30_5_2013-05-03,646.7998
30_6_2013-05-03,89.26258
30_1_2013-05-10,10113.103
30_2_2013-05-10,31367.98
30_3_2013-05-10,1307.8904
30_4_2013-05-10,13837.093
30_5_2013-05-10,726.9178
30_6_2013-05-10,-25.426779
30_1_2013-05-17,9141.083
30_2_2013-05-17,31546.377
30_3_2013-05-17,4972.4814
30_4_2013-05-17,13722.272
30_5_2013-05-17,562.6711
30_6_2013-05-17,-133.58055
30_1_2013-05-24,9031.892
30_2_2013-05-24,31841.436
30_3_2013-05-24,4856.643
30_4_2013-05-24,13766.353
30_5_2013-05-24,720.55536
30_6_2013-05-24,160.46695
30_1_2013-05-31,8519.855
30_2_2013-05-31,31268.854
30_3_2013-05-31,6857.7563
30_4_2013-05-31,13789.526
30_5_2013-05-31,360.43353
30_6_2013-05-31,-224.38768
30_1_2013-06-07,8617.24
30_2_2013-06-07,32253.643
30_3_2013-06-07,4371.9287
30_4_2013-06-07,14217.44
30_5_2013-06-07,534.776
30_6_2013-06-07,-41.797714
30_1_2013-06-14,8689.961
30_2_2013-06-14,31567.31
30_3_2013-06-14,4741.4707
30_4_2013-06-14,13638.603
30_5_2013-06-14,693.5995
30_6_2013-06-14,-138.2371
30_1_2013-06-21,8864.526
30_2_2013-06-21,31997.02
30_3_2013-06-21,4709.099
30_4_2013-06-21,13833.884
30_5_2013-06-21,632.0095
30_6_2013-06-21,19.60096
30_1_2013-06-28,8575.185
30_2_2013-06-28,32085.857
30_3_2013-06-28,4727.2075
30_4_2013-06-28,13716.336
30_5_2013-06-28,844.19196
30_6_2013-06-28,-96.901505
30_1_2013-07-05,8830.524
30_2_2013-07-05,32680.277
30_3_2013-07-05,4562.3047
30_4_2013-07-05,14820.003
30_5_2013-07-05,867.4498
30_6_2013-07-05,81.142525
30_1_2013-07-12,9007.727
30_2_2013-07-12,32321.125
30_3_2013-07-12,5477.169
30_4_2013-07-12,13773.647
30_5_2013-07-12,865.00354
30_6_2013-07-12,-79.15715
30_1_2013-07-19,9187.077
30_2_2013-07-19,31231.213
30_3_2013-07-19,7510.1343
30_4_2013-07-19,13857.169
30_5_2013-07-19,997.37305
30_1_2013-07-26,9237.85
30_2_2013-07-26,32315.547
30_3_2013-07-26,6548.1797
30_4_2013-07-26,14021.36
30_5_2013-07-26,1036.3268
30_6_2013-07-26,-350.7317
34_1_2012-11-02,26965.594
34_2_2012-11-02,34255.598
34_3_2012-11-02,6680.7793
34_4_2012-11-02,20455.445
34_5_2012-11-02,22128.383
34_6_2012-11-02,2957.6328
34_1_2012-11-09,26313.947
34_2_2012-11-09,33256.902
34_3_2012-11-09,5512.188
34_4_2012-11-09,19831.926
34_5_2012-11-09,23574.904
34_6_2012-11-09,2285.657
34_1_2012-11-16,21586.268
34_2_2012-11-16,32727.117
34_3_2012-11-16,6139.621
34_4_2012-11-16,19475.479
34_5_2012-11-16,31010.51
34_6_2012-11-16,3313.4404
34_1_2012-11-23,18328.158
34_2_2012-11-23,34476.395
34_3_2012-11-23,6003.093
34_4_2012-11-23,21445.809
34_5_2012-11-23,59037.61
34_6_2012-11-23,8567.256
34_1_2012-11-30,20634.111
34_2_2012-11-30,33264.703
34_3_2012-11-30,5691.114
34_4_2012-11-30,19292.34
34_5_2012-11-30,31264.002
34_6_2012-11-30,5046.4478
34_1_2012-12-07,24399.44
34_2_2012-12-07,36265.605
34_3_2012-12-07,8224.835
34_4_2012-12-07,21034.725
34_5_2012-12-07,28663.111
34_6_2012-12-07,3959.0173
34_1_2012-12-14,30611.91
34_2_2012-12-14,37985.438
34_3_2012-12-14,9842.876
34_4_2012-12-14,20448.666
34_5_2012-12-14,42945.723
34_6_2012-12-14,5982.566
34_1_2012-12-21,38061.754
34_2_2012-12-21,43903.742
34_3_2012-12-21,12352.98
34_4_2012-12-21,24147.668
34_5_2012-12-21,64288.184
34_6_2012-12-21,12012.58
34_1_2012-12-28,22828.61
34_2_2012-12-28,29870.91
34_3_2012-12-28,5355.2207
34_4_2012-12-28,18241.664
34_5_2012-12-28,32700.303
34_6_2012-12-28,4984.077
34_1_2013-01-04,20270.846
34_2_2013-01-04,33771.23
34_3_2013-01-04,8074.488
34_4_2013-01-04,20237.807
34_5_2013-01-04,25329.162
34_6_2013-01-04,2623.7874
34_1_2013-01-11,22230.205
34_2_2013-01-11,34679.402
34_3_2013-01-11,8256.646
34_4_2013-01-11,19453.342
34_5_2013-01-11,23708.232
34_6_2013-01-11,2822.5635
34_1_2013-01-18,20437.361
34_2_2013-01-18,33622.83
34_3_2013-01-18,8093.9766
34_4_2013-01-18,20512.406
34_5_2013-01-18,27058.55
34_6_2013-01-18,2432.0776
34_1_2013-01-25,14884.281
34_2_2013-01-25,33682.83
34_3_2013-01-25,7667.287
34_4_2013-01-25,19430.596
34_5_2013-01-25,25998.408
34_6_2013-01-25,2644.5713
34_1_2013-02-01,22468.186
34_2_2013-02-01,35097.92
34_3_2013-02-01,6378.096
34_4_2013-02-01,20702.44
34_5_2013-02-01,25190.154
34_6_2013-02-01,2551.6304
34_1_2013-02-08,21810.873
34_2_2013-02-08,35012.008
34_3_2013-02-08,7960.192
34_4_2013-02-08,20840.594
34_5_2013-02-08,27569.45
34_6_2013-02-08,3447.971
34_1_2013-02-15,26849.516
34_2_2013-02-15,34457.375
34_3_2013-02-15,6100.5977
34_4_2013-02-15,19548.709
34_5_2013-02-15,26187.178
34_6_2013-02-15,2861.741
34_1_2013-02-22,20600.549
34_2_2013-02-22,34220.3
34_3_2013-02-22,6692.332
34_4_2013-02-22,19493.248
34_5_2013-02-22,24749.152
34_6_2013-02-22,2838.4663
34_1_2013-03-01,12064.639
34_2_2013-03-01,35069.277
34_3_2013-03-01,6681.089
34_4_2013-03-01,20560.88
34_5_2013-03-01,23398.44
34_6_2013-03-01,2290.935
34_1_2013-03-08,19311.92
34_2_2013-03-08,35923.926
34_3_2013-03-08,5949.826
34_4_2013-03-08,20773.615
34_5_2013-03-08,22749.021
34_6_2013-03-08,3090.2834
34_1_2013-03-15,16666.625
34_2_2013-03-15,33977.465
34_3_2013-03-15,6265.12
34_4_2013-03-15,20228.045
34_5_2013-03-15,20695.363
34_6_2013-03-15,3591.941
34_1_2013-03-22,20020.463
34_2_2013-03-22,33802.32
34_3_2013-03-22,5486.7944
34_4_2013-03-22,21632.04
34_5_2013-03-22,18764.455
34_6_2013-03-22,2845.7983
34_1_2013-03-29,20570.578
34_2_2013-03-29,32849.76
34_3_2013-03-29,6349.126
34_4_2013-03-29,19347.73
34_5_2013-03-29,20130.166
34_6_2013-03-29,2463.7595
34_1_2013-04-05,24605.607
34_2_2013-04-05,35743.426
34_3_2013-04-05,7687.6816
34_4_2013-04-05,21898.293
34_5_2013-04-05,20618.107
34_6_2013-04-05,2354.981
34_1_2013-04-12,19660.521
34_2_2013-04-12,34356.34
34_3_2013-04-12,6796.7754
34_4_2013-04-12,21266.008
34_5_2013-04-12,18796.36
34_6_2013-04-12,2311.9739
34_1_2013-04-19,17332.62
34_2_2013-04-19,34981.79
34_3_2013-04-19,7904.538
34_4_2013-04-19,21244.404
34_5_2013-04-19,17755.32
34_6_2013-04-19,2583.5254
34_1_2013-04-26,20327.186
34_2_2013-04-26,34096.168
34_3_2013-04-26,6492.125
34_4_2013-04-26,21216.295
34_5_2013-04-26,21236.389
34_6_2013-04-26,2621.3535
34_1_2013-05-03,15952.464
34_2_2013-05-03,40205.39
34_3_2013-05-03,6531.8
34_4_2013-05-03,22126.342
34_5_2013-05-03,16801.62
34_6_2013-05-03,2397.8638
34_1_2013-05-10,16629.355
34_2_2013-05-10,39330.242
34_3_2013-05-10,6736.0015
34_4_2013-05-10,21195.416
34_5_2013-05-10,16014.945
34_6_2013-05-10,2029.2598
34_1_2013-05-17,14652.452
34_2_2013-05-17,39411.51
34_3_2013-05-17,9537.608
34_4_2013-05-17,20643.264
34_5_2013-05-17,15597.449
34_6_2013-05-17,2359.7124
34_1_2013-05-24,14368.002
34_2_2013-05-24,39436.703
34_3_2013-05-24,10758.725
34_4_2013-05-24,20763.436
34_5_2013-05-24,15158.476
34_6_2013-05-24,2218.0393
34_1_2013-05-31,13896.553
34_2_2013-05-31,38016.016
34_3_2013-05-31,14693.047
34_4_2013-05-31,21072.076
34_5_2013-05-31,14670.429
34_6_2013-05-31,1890.3804
34_1_2013-06-07,14458.042
34_2_2013-06-07,40933.105
34_3_2013-06-07,11420.552
34_4_2013-06-07,23002.215
34_5_2013-06-07,16650.406
34_6_2013-06-07,1516.5084
34_1_2013-06-14,14375.54
34_2_2013-06-14,39510.55
34_3_2013-06-14,10916.612
34_4_2013-06-14,20482.348
34_5_2013-06-14,15282.205
34_6_2013-06-14,1524.4012
34_1_2013-06-21,14414.419
34_2_2013-06-21,39178.305
34_3_2013-06-21,11500.341
34_4_2013-06-21,20910.674
34_5_2013-06-21,15671.338
34_6_2013-06-21,1986.3818
34_1_2013-06-28,14181.145
34_2_2013-06-28,39444.336
34_3_2013-06-28,12055.328
34_4_2013-06-28,20810.84
34_5_2013-06-28,15513.206
34_6_2013-06-28,2140.3108
34_1_2013-07-05,14517.899
34_2_2013-07-05,40937.047
34_3_2013-07-05,10394.525
34_4_2013-07-05,23474.613
34_5_2013-07-05,15180.077
34_6_2013-07-05,1887.6727
34_1_2013-07-12,14255.127
34_2_2013-07-12,40242.785
34_3_2013-07-12,13660.682
34_4_2013-07-12,20849.795
34_5_2013-07-12,13863.986
34_6_2013-07-12,1369.0933
34_1_2013-07-19,15025.898
34_2_2013-07-19,38753.21
34_3_2013-07-19,16085.72
34_4_2013-07-19,20779.373
34_5_2013-07-19,15308.436
34_6_2013-07-19,2022.9525
34_1_2013-07-26,14527.905
34_2_2013-07-26,38151.082
34_3_2013-07-26,21594.625
34_4_2013-07-26,21039.393
34_5_2013-07-26,14362.91
34_6_2013-07-26,1578.7444
35_1_2012-11-02,18816.678
35_2_2012-11-02,43586.74
35_3_2012-11-02,8861.133
35_4_2012-11-02,17255.766
35_5_2012-11-02,19718.44
35_6_2012-11-02,2877.6313
35_1_2012-11-09,16262.787
35_2_2012-11-09,44903.613
35_3_2012-11-09,8888.943
35_4_2012-11-09,17117.557
35_5_2012-11-09,24531.568
35_6_2012-11-09,3779.3193
35_1_2012-11-16,16923.465
35_2_2012-11-16,43741.21
35_3_2012-11-16,8609.298
35_4_2012-11-16,14906.0625
35_5_2012-11-16,26345.977
35_6_2012-11-16,5226.309
35_1_2012-11-23,20567.494
35_2_2012-11-23,46643.25
35_3_2012-11-23,12051.74
35_4_2012-11-23,20089.459
35_5_2012-11-23,62876.8
35_6_2012-11-23,13830.675
35_1_2012-11-30,19356.973
35_2_2012-11-30,43407.164
35_3_2012-11-30,11109.7295
35_4_2012-11-30,17346.469
35_5_2012-11-30,27163.965
35_6_2012-11-30,9458.996
35_1_2012-12-07,18650.594
35_2_2012-12-07,47033.09
35_3_2012-12-07,11022.485
35_4_2012-12-07,18649.068
35_5_2012-12-07,27555.719
35_6_2012-12-07,5107.89
35_1_2012-12-14,21092.79
35_2_2012-12-14,46551.195
35_3_2012-12-14,10334.353
35_4_2012-12-14,17217.361
35_5_2012-12-14,36664.082
35_6_2012-12-14,5607.5225
35_1_2012-12-21,26420.139
35_2_2012-12-21,51579.195
35_3_2012-12-21,14301.062
35_4_2012-12-21,19494.754
35_5_2012-12-21,52438.26
35_6_2012-12-21,10436.625
35_1_2012-12-28,13739.706
35_2_2012-12-28,41486.707
35_3_2012-12-28,9252.187
35_4_2012-12-28,15712.433
35_5_2012-12-28,27496.07
35_6_2012-12-28,8464.061
35_1_2013-01-04,11070.17
35_2_2013-01-04,40232.26
35_3_2013-01-04,9588.934
35_4_2013-01-04,16666.408
35_5_2013-01-04,16561.361
35_6_2013-01-04,3283.9573
35_1_2013-01-11,12035.787
35_2_2013-01-11,41025.215
35_3_2013-01-11,9210.383
35_4_2013-01-11,15314.925
35_5_2013-01-11,15571.061
35_6_2013-01-11,2927.3623
35_1_2013-01-18,14860.803
35_2_2013-01-18,40136.605
35_3_2013-01-18,9207.418
35_4_2013-01-18,15249.457
35_5_2013-01-18,18213.525
35_6_2013-01-18,2565.3772
35_1_2013-01-25,11260.02
35_2_2013-01-25,38923.492
35_3_2013-01-25,10895.993
35_4_2013-01-25,14739.686
35_5_2013-01-25,22113.406
35_6_2013-01-25,4006.049
35_1_2013-02-01,15272.938
35_2_2013-02-01,43701.87
35_3_2013-02-01,9456.801
35_4_2013-02-01,18543.809
35_5_2013-02-01,21645.264
35_6_2013-02-01,4509.3853
35_1_2013-02-08,19160.574
35_2_2013-02-08,44692.695
35_3_2013-02-08,10777.661
35_4_2013-02-08,19173.236
35_5_2013-02-08,24208.287
35_6_2013-02-08,5322.964
35_1_2013-02-15,20254.928
35_2_2013-02-15,42200.793
35_3_2013-02-15,9368.761
35_4_2013-02-15,17546.943
35_5_2013-02-15,22462.092
35_6_2013-02-15,4631.9956
35_1_2013-02-22,25762.043
35_2_2013-02-22,40783.84
35_3_2013-02-22,7690.671
35_4_2013-02-22,16292.927
35_5_2013-02-22,29620.451
35_6_2013-02-22,5118.4478
35_1_2013-03-01,14742.378
35_2_2013-03-01,44591.043
35_3_2013-03-01,8369.979
35_4_2013-03-01,17529.506
35_5_2013-03-01,20185.88
35_6_2013-03-01,4110.8555
35_1_2013-03-08,15136.4
35_2_2013-03-08,44405.027
35_3_2013-03-08,8771.501
35_4_2013-03-08,17648.496
35_5_2013-03-08,20748.324
35_6_2013-03-08,5269.4736
35_1_2013-03-15,14002.56
35_2_2013-03-15,44250.18
35_3_2013-03-15,9131.56
35_4_2013-03-15,17640.344
35_5_2013-03-15,20215.81
35_6_2013-03-15,4487.554
35_1_2013-03-22,22295.05
35_2_2013-03-22,42660.84
35_3_2013-03-22,8742.965
35_4_2013-03-22,17578.428
35_5_2013-03-22,21286.982
35_6_2013-03-22,5172.301
35_1_2013-03-29,14445.254
35_2_2013-03-29,43887.613
35_3_2013-03-29,8566.739
35_4_2013-03-29,17727.047
35_5_2013-03-29,19688.918
35_6_2013-03-29,4361.2637
35_1_2013-04-05,21681.72
35_2_2013-04-05,45227.797
35_3_2013-04-05,8324.768
35_4_2013-04-05,17824.51
35_5_2013-04-05,20251.787
35_6_2013-04-05,4247.181
35_1_2013-04-12,15039.32
35_2_2013-04-12,43987.258
35_3_2013-04-12,8312.93
35_4_2013-04-12,16990.8
35_5_2013-04-12,20867.318
35_6_2013-04-12,4715.6924
35_1_2013-04-19,13543.792
35_2_2013-04-19,44126.56
35_3_2013-04-19,8831.02
35_4_2013-04-19,17366.496
35_5_2013-04-19,19383.184
35_6_2013-04-19,4529.955
35_1_2013-04-26,15931.843
35_2_2013-04-26,43665.58
35_3_2013-04-26,8531.234
35_4_2013-04-26,17074.646
35_5_2013-04-26,21693.262
35_6_2013-04-26,3856.1462
35_1_2013-05-03,16066.2295
35_2_2013-05-03,45666.02
35_3_2013-05-03,8508.807
35_4_2013-05-03,18673.38
35_5_2013-05-03,17350.95
35_6_2013-05-03,4686.007
35_1_2013-05-10,13950.395
35_2_2013-05-10,44954.49
35_3_2013-05-10,7572.0864
35_4_2013-05-10,18028.096
35_5_2013-05-10,18362.248
35_6_2013-05-10,5305.6455
35_1_2013-05-17,14543.702
35_2_2013-05-17,43906.812
35_3_2013-05-17,7763.3096
35_4_2013-05-17,17773.941
35_5_2013-05-17,17970.176
35_6_2013-05-17,4774.7935
35_1_2013-05-24,14106.721
35_2_2013-05-24,44029.76
35_3_2013-05-24,7494.7637
35_4_2013-05-24,18260.469
35_5_2013-05-24,18506.492
35_6_2013-05-24,3997.2827
35_1_2013-05-31,14902.756
35_2_2013-05-31,44157.58
35_3_2013-05-31,10524.255
35_4_2013-05-31,18781.295
35_5_2013-05-31,17763.268
35_6_2013-05-31,4297.812
35_1_2013-06-07,12416.732
35_2_2013-06-07,47103.562
35_3_2013-06-07,11211.075
35_4_2013-06-07,18849.006
35_5_2013-06-07,18912.879
35_6_2013-06-07,4452.3354
35_1_2013-06-14,12631.674
35_2_2013-06-14,45573.8
35_3_2013-06-14,7857.4507
35_4_2013-06-14,18058.32
35_5_2013-06-14,18416.203
35_6_2013-06-14,4326.8223
35_1_2013-06-21,12614.881
35_2_2013-06-21,45324.473
35_3_2013-06-21,15893.84
35_4_2013-06-21,18485.836
35_5_2013-06-21,17638.559
35_6_2013-06-21,4408.0527
35_1_2013-06-28,12047.708
35_2_2013-06-28,45543.676
35_3_2013-06-28,14824.16
35_4_2013-06-28,18231.36
35_5_2013-06-28,16875.082
35_6_2013-06-28,4975.499
35_1_2013-07-05,12168.338
35_2_2013-07-05,47723.05
35_3_2013-07-05,13304.397
35_4_2013-07-05,20234.15
35_5_2013-07-05,15775.946
35_6_2013-07-05,5179.583
35_1_2013-07-12,11948.084
35_2_2013-07-12,46541.97
35_3_2013-07-12,18271.066
35_4_2013-07-12,18173.71
35_5_2013-07-12,15541.44
35_6_2013-07-12,4400.6387
35_1_2013-07-19,12714.39
35_2_2013-07-19,46735.63
35_3_2013-07-19,24389.723
35_4_2013-07-19,18654.068
35_5_2013-07-19,14597.384
35_6_2013-07-19,4639.4326
35_1_2013-07-26,12909.727
35_2_2013-07-26,45942.832
35_3_2013-07-26,23513.846
35_4_2013-07-26,18466.666
35_5_2013-07-26,14107.904
35_6_2013-07-26,4919.5347
43_1_2012-11-02,16808.59
43_2_2012-11-02,18632.098
43_3_2012-11-02,568.5594
43_4_2012-11-02,16009.183
43_5_2012-11-02,837.73486
43_6_2012-11-02,-166.26805
43_1_2012-11-09,7924.049
43_2_2012-11-09,18899.049
43_3_2012-11-09,847.77606
43_4_2012-11-09,16145.549
43_5_2012-11-09,607.81287
43_6_2012-11-09,222.07162
43_1_2012-11-16,6897.7656
43_2_2012-11-16,18441.656
43_3_2012-11-16,1016.50165
43_4_2012-11-16,16662.611
43_5_2012-11-16,1047.8284
43_1_2012-11-23,7952.22
43_2_2012-11-23,17782.184
43_3_2012-11-23,687.3016
43_4_2012-11-23,19437.51
43_5_2012-11-23,143.65123
43_1_2012-11-30,8498.113
43_2_2012-11-30,17556.67
43_3_2012-11-30,873.3264
43_4_2012-11-30,18285.291
43_5_2012-11-30,561.1637
43_6_2012-11-30,505.82227
43_1_2012-12-07,9450.178
43_2_2012-12-07,17841.934
43_3_2012-12-07,917.5257
43_4_2012-12-07,17118.566
43_5_2012-12-07,756.64246
43_6_2012-12-07,-69.51086
43_1_2012-12-14,9948.73
43_2_2012-12-14,17639.79
43_3_2012-12-14,1041.6837
43_4_2012-12-14,15731.026
43_5_2012-12-14,2008.5082
43_6_2012-12-14,726.99786
43_1_2012-12-21,9841.874
43_2_2012-12-21,18340.31
43_3_2012-12-21,1138.1146
43_4_2012-12-21,18091.48
43_5_2012-12-21,1402.1472
43_1_2012-12-28,7309.4463
43_2_2012-12-28,16340.882
43_3_2012-12-28,663.03687
43_4_2012-12-28,17213.57
43_5_2012-12-28,1447.385
43_6_2012-12-28,2697.601
43_1_2013-01-04,6331.6724
43_2_2013-01-04,18870.201
43_3_2013-01-04,1992.1339
43_4_2013-01-04,18530.654
43_5_2013-01-04,1568.3784
43_1_2013-01-11,6352.316
43_2_2013-01-11,18781.025
43_3_2013-01-11,1260.3798
43_4_2013-01-11,16852.875
43_5_2013-01-11,1232.6562
43_1_2013-01-18,8027.049
43_2_2013-01-18,18355.021
43_3_2013-01-18,1391.7349
43_4_2013-01-18,16715.191
43_5_2013-01-18,1318.1895
43_1_2013-01-25,4285.229
43_2_2013-01-25,18313.81
43_3_2013-01-25,1188.4121
43_4_2013-01-25,16702.51
43_5_2013-01-25,838.7582
43_1_2013-02-01,15776.138
43_2_2013-02-01,19217.457
43_3_2013-02-01,366.98843
43_4_2013-02-01,17166.299
43_5_2013-02-01,332.9354
43_1_2013-02-08,7421.042
43_2_2013-02-08,20741.566
43_3_2013-02-08,1201.1768
43_4_2013-02-08,18093.973
43_5_2013-02-08,1141.8936
43_1_2013-02-15,11743.312
43_2_2013-02-15,18972.27
43_3_2013-02-15,777.7099
43_4_2013-02-15,16012.655
43_5_2013-02-15,2267.4001
43_1_2013-02-22,13201.901
43_2_2013-02-22,19938.904
43_3_2013-02-22,1106.417
43_4_2013-02-22,16491.465
43_5_2013-02-22,2446.945
43_1_2013-03-01,17347.045
43_2_2013-03-01,20193.482
43_3_2013-03-01,970.11633
43_4_2013-03-01,17065.08
43_5_2013-03-01,1172.7727
43_6_2013-03-01,-171.88422
43_1_2013-03-08,8117.1167
43_2_2013-03-08,20123.371
43_3_2013-03-08,623.7854
43_4_2013-03-08,16765.672
43_5_2013-03-08,1322.8662
43_1_2013-03-15,6647.0776
43_2_2013-03-15,19887.943
43_3_2013-03-15,960.11346
43_4_2013-03-15,16473.379
43_5_2013-03-15,1123.0029
43_1_2013-03-22,11417.994
43_2_2013-03-22,19642.031
43_3_2013-03-22,1463.33
43_4_2013-03-22,16392.17
43_5_2013-03-22,1278.017
43_1_2013-03-29,11338.955
43_2_2013-03-29,19393.113
43_3_2013-03-29,911.4104
43_4_2013-03-29,16040.626
43_5_2013-03-29,1525.6288
43_1_2013-04-05,8925.237
43_2_2013-04-05,20365.545
43_3_2013-04-05,1521.5508
43_4_2013-04-05,16874.523
43_5_2013-04-05,1024.5001
43_1_2013-04-12,8750.654
43_2_2013-04-12,19226.117
43_3_2013-04-12,1370.3195
43_4_2013-04-12,15979.33
43_5_2013-04-12,993.06274
43_6_2013-04-12,488.32553
43_1_2013-04-19,6643.2983
43_2_2013-04-19,19324.148
43_3_2013-04-19,1777.0972
43_4_2013-04-19,16282.386
43_5_2013-04-19,1057.986
43_6_2013-04-19,789.0174
43_1_2013-04-26,7516.577
43_2_2013-04-26,18985.893
43_3_2013-04-26,1252.1698
43_4_2013-04-26,16122.419
43_5_2013-04-26,887.9079
43_1_2013-05-03,4949.616
43_2_2013-05-03,19172.203
43_3_2013-05-03,3782.4402
43_4_2013-05-03,12077.652
43_5_2013-05-03,-640.4173
43_1_2013-05-10,5536.4893
43_2_2013-05-10,18592.127
43_3_2013-05-10,3451.618
43_4_2013-05-10,11652.112
43_5_2013-05-10,-414.29962
43_1_2013-05-17,5750.018
43_2_2013-05-17,17977.062
43_3_2013-05-17,3866.2087
43_4_2013-05-17,11500.223
43_5_2013-05-17,-649.8584
43_1_2013-05-24,5246.6426
43_2_2013-05-24,17796.451
43_3_2013-05-24,4125.572
43_4_2013-05-24,11696.954
43_5_2013-05-24,-568.49554
43_1_2013-05-31,4978.997
43_2_2013-05-31,17948.768
43_3_2013-05-31,5654.155
43_4_2013-05-31,11808.171
43_5_2013-05-31,-827.77576
43_1_2013-06-07,5265.3564
43_2_2013-06-07,19834.91
43_3_2013-06-07,3573.076
43_4_2013-06-07,12469.261
43_5_2013-06-07,-803.3745
43_6_2013-06-07,-1014.97284
43_1_2013-06-14,5020.9043
43_2_2013-06-14,18108.475
43_3_2013-06-14,3792.2356
43_4_2013-06-14,11481.645
43_5_2013-06-14,-740.5866
43_6_2013-06-14,-1165.054
43_1_2013-06-21,5181.4224
43_2_2013-06-21,18020.793
43_3_2013-06-21,3737.7776
43_4_2013-06-21,11755.685
43_5_2013-06-21,-748.015
43_6_2013-06-21,-1016.8157
43_1_2013-06-28,4838.807
43_2_2013-06-28,17886.762
43_3_2013-06-28,4132.0625
43_4_2013-06-28,11485.1045
43_5_2013-06-28,-436.14206
43_1_2013-07-05,4899.5093
43_2_2013-07-05,19463.652
43_3_2013-07-05,3298.798
43_4_2013-07-05,12586.04
43_5_2013-07-05,-757.8161
43_6_2013-07-05,-896.7014
43_1_2013-07-12,5016.0176
43_2_2013-07-12,18564.193
43_3_2013-07-12,4373.795
43_4_2013-07-12,11225.524
43_5_2013-07-12,-631.0134
43_6_2013-07-12,-1103.3545
43_1_2013-07-19,5463.542
43_2_2013-07-19,17107.982
43_3_2013-07-19,5219.1035
43_4_2013-07-19,11419.736
43_5_2013-07-19,-722.39667
43_6_2013-07-19,-790.58295
43_1_2013-07-26,5214.2695
43_2_2013-07-26,17258.662
43_3_2013-07-26,6653.519
43_4_2013-07-26,11531.073
43_5_2013-07-26,-641.31354
44_1_2012-11-02,11973.689
44_2_2012-11-02,9601.39
44_3_2012-11-02,7.168826
44_4_2012-11-02,8021.55
44_5_2012-11-02,2355.4487
44_6_2012-11-02,312.72662
44_1_2012-11-09,6848.8755
44_2_2012-11-09,9608.068
44_3_2012-11-09,-581.25134
44_4_2012-11-09,7944.5513
44_5_2012-11-09,2571.1306
44_6_2012-11-09,753.58264
44_1_2012-11-16,6363.1367
44_2_2012-11-16,10193.775
44_3_2012-11-16,-281.8522
44_4_2012-11-16,5928.222
44_5_2012-11-16,5433.3477
44_1_2012-11-23,5452.9233
44_2_2012-11-23,11285.796
44_3_2012-11-23,-2659.144
44_4_2012-11-23,7220.893
44_5_2012-11-23,3893.0813
44_1_2012-11-30,8946.433
44_2_2012-11-30,12077.798
44_3_2012-11-30,-690.44574
44_4_2012-11-30,6353.3945
44_5_2012-11-30,4964.439
44_1_2012-12-07,7917.443
44_2_2012-12-07,13418.582
44_3_2012-12-07,-384.25253
44_4_2012-12-07,6442.5967
44_5_2012-12-07,2998.6663
44_6_2012-12-07,816.2991
44_1_2012-12-14,8169.518
44_2_2012-12-14,13185.146
44_3_2012-12-14,-353.70236
44_4_2012-12-14,5026.3403
44_5_2012-12-14,7089.569
44_6_2012-12-14,646.6577
44_1_2012-12-21,7550.3384
44_2_2012-12-21,13189.928
44_3_2012-12-21,-798.83344
44_4_2012-12-21,6778.324
44_5_2012-12-21,8058.6436
44_6_2012-12-21,1729.6858
44_1_2012-12-28,6180.0493
44_2_2012-12-28,10863.822
44_3_2012-12-28,463.27966
44_4_2012-12-28,8484.565
44_5_2012-12-28,2421.542
44_6_2012-12-28,1112.5502
44_1_2013-01-04,6299.0723
44_2_2013-01-04,12789.18
44_3_2013-01-04,1383.1838
44_4_2013-01-04,8164.084
44_5_2013-01-04,2882.076
44_6_2013-01-04,101.77659
44_1_2013-01-11,6726.1357
44_2_2013-01-11,12933.067
44_3_2013-01-11,1416.1959
44_4_2013-01-11,6994.6494
44_5_2013-01-11,2889.08
44_6_2013-01-11,-46.52037
44_1_2013-01-18,5567.5054
44_2_2013-01-18,14260.177
44_3_2013-01-18,1588.6304
44_4_2013-01-18,7044.768
44_5_2013-01-18,4028.7727
44_6_2013-01-18,24.983149
44_1_2013-01-25,3917.8042
44_2_2013-01-25,13876.769
44_3_2013-01-25,2120.0505
44_4_2013-01-25,6958.067
44_5_2013-01-25,3898.103
44_6_2013-01-25,-447.0644
44_1_2013-02-01,10133.293
44_2_2013-02-01,13211.55
44_3_2013-02-01,-677.0847
44_4_2013-02-01,6039.459
44_5_2013-02-01,-230.66232
44_6_2013-02-01,-167.85004
44_1_2013-02-08,7829.926
44_2_2013-02-08,14469.848
44_3_2013-02-08,423.81757
44_4_2013-02-08,6354.5015
44_5_2013-02-08,3063.951
44_6_2013-02-08,-75.67173
44_1_2013-02-15,8370.903
44_2_2013-02-15,14157.593
44_3_2013-02-15,59.861694
44_4_2013-02-15,5952.621
44_5_2013-02-15,4467.4424
44_6_2013-02-15,482.87152
44_1_2013-02-22,12824.919
44_2_2013-02-22,14570.288
44_3_2013-02-22,-332.90796
44_4_2013-02-22,5962.0225
44_5_2013-02-22,3084.728
44_6_2013-02-22,-56.719273
44_1_2013-03-01,9155.188
44_2_2013-03-01,13181.035
44_3_2013-03-01,-1088.9917
44_4_2013-03-01,5535.072
44_5_2013-03-01,2886.6921
44_6_2013-03-01,-455.94647
44_1_2013-03-08,6226.078
44_2_2013-03-08,13841.188
44_3_2013-03-08,-329.3584
44_4_2013-03-08,6638.9004
44_5_2013-03-08,1922.6985
44_6_2013-03-08,439.3221
44_1_2013-03-15,5387.0186
44_2_2013-03-15,14013.443
44_3_2013-03-15,382.45557
44_4_2013-03-15,6175.424
44_5_2013-03-15,2899.7415
44_6_2013-03-15,1177.635
44_1_2013-03-22,10079.386
44_2_2013-03-22,13362.002
44_3_2013-03-22,-213.43047
44_4_2013-03-22,5930.557
44_5_2013-03-22,4556.6626
44_6_2013-03-22,57.08166
44_1_2013-03-29,6958.0293
44_2_2013-03-29,13194.374
44_3_2013-03-29,267.6825
44_4_2013-03-29,6102.3965
44_5_2013-03-29,2881.2483
44_6_2013-03-29,305.60446
44_1_2013-04-05,8517.957
44_2_2013-04-05,13727.329
44_3_2013-04-05,-89.12862
44_4_2013-04-05,7258.7246
44_5_2013-04-05,2094.956
44_6_2013-04-05,191.67412
44_1_2013-04-12,7251.082
44_2_2013-04-12,13331.084
44_3_2013-04-12,408.22345
44_4_2013-04-12,6470.975
44_5_2013-04-12,1868.2457
44_6_2013-04-12,595.83405
44_1_2013-04-19,5665.53
44_2_2013-04-19,13660.117
44_3_2013-04-19,550.2663
44_4_2013-04-19,6265.5903
44_5_2013-04-19,1129.338
44_6_2013-04-19,604.21094
44_1_2013-04-26,4924.8345
44_2_2013-04-26,13919.243
44_3_2013-04-26,267.2486
44_4_2013-04-26,6133.087
44_5_2013-04-26,2692.1768
44_6_2013-04-26,520.5062
44_1_2013-05-03,5282.8247
44_2_2013-05-03,15663.86
44_3_2013-05-03,774.8307
44_4_2013-05-03,8145.7163
44_5_2013-05-03,812.6709
44_6_2013-05-03,-934.08875
44_1_2013-05-10,6228.446
44_2_2013-05-10,15072.373
44_3_2013-05-10,324.06467
44_4_2013-05-10,7795.959
44_5_2013-05-10,1066.7023
44_6_2013-05-10,-1068.2098
44_1_2013-05-17,5824.7026
44_2_2013-05-17,15014.783
44_3_2013-05-17,2952.4866
44_4_2013-05-17,7520.2983
44_5_2013-05-17,1116.1873
44_6_2013-05-17,-1186.862
44_1_2013-05-24,5846.4365
44_2_2013-05-24,14305.382
44_3_2013-05-24,-186.78235
44_4_2013-05-24,7740.048
44_5_2013-05-24,1054.6036
44_6_2013-05-24,-1417.1587
44_1_2013-05-31,7281.71
44_2_2013-05-31,14077.2
44_3_2013-05-31,1429.4486
44_4_2013-05-31,7507.9536
44_5_2013-05-31,1132.1785
44_6_2013-05-31,-1500.2158
44_1_2013-06-07,4912.5176
44_2_2013-06-07,16035.54
44_3_2013-06-07,-44.544136
44_4_2013-06-07,8328.462
44_5_2013-06-07,1021.7569
44_6_2013-06-07,-1274.2091
44_1_2013-06-14,5395.2593
44_2_2013-06-14,15167.936
44_3_2013-06-14,3867.4937
44_4_2013-06-14,7726.2153
44_5_2013-06-14,774.25476
44_6_2013-06-14,-1518.6277
44_1_2013-06-21,5677.659
44_2_2013-06-21,14963.97
44_3_2013-06-21,3697.7441
44_4_2013-06-21,7733.2935
44_5_2013-06-21,1080.7606
44_1_2013-06-28,5479.736
44_2_2013-06-28,14545.423
44_3_2013-06-28,4939.89
44_4_2013-06-28,7765.9326
44_5_2013-06-28,1077.1228
44_6_2013-06-28,-1716.4152
44_1_2013-07-05,4804.9077
44_2_2013-07-05,16636.62
44_3_2013-07-05,3935.2253
44_4_2013-07-05,8527.254
44_5_2013-07-05,680.51245
44_6_2013-07-05,-1176.8318
44_1_2013-07-12,5401.3457
44_2_2013-07-12,15123.301
44_3_2013-07-12,5600.819
44_4_2013-07-12,7695.5557
44_5_2013-07-12,930.5577
44_6_2013-07-12,-1256.7671
44_1_2013-07-19,5123.076
44_2_2013-07-19,14791.822
44_3_2013-07-19,5738.714
44_4_2013-07-19,7792.8384
44_5_2013-07-19,913.4247
44_6_2013-07-19,-1193.2926
44_1_2013-07-26,5304.6685
44_2_2013-07-26,15140.879
44_3_2013-07-26,5715.4478
44_4_2013-07-26,7888.6167
44_5_2013-07-26,906.64386
44_6_2013-07-26,-1577.8926
45_1_2012-11-02,20035.05
45_2_2012-11-02,33071.105
45_3_2012-11-02,8312.315
45_4_2012-11-02,17593.191
45_5_2012-11-02,20418.123
45_6_2012-11-02,2720.138
45_1_2012-11-09,14188.429
45_2_2012-11-09,33252.348
45_3_2012-11-09,7030.4097
45_4_2012-11-09,16657.328
45_5_2012-11-09,23719.627
45_6_2012-11-09,3184.3948
45_1_2012-11-16,15903.944
45_2_2012-11-16,32573.86
45_3_2012-11-16,7162.9556
45_4_2012-11-16,15986.774
45_5_2012-11-16,23823.25
45_6_2012-11-16,3787.5
45_1_2012-11-23,18214.43
45_2_2012-11-23,34323.844
45_3_2012-11-23,9335.776
45_4_2012-11-23,18879.111
45_5_2012-11-23,60520.633
45_6_2012-11-23,11351.281
45_1_2012-11-30,16680.832
45_2_2012-11-30,32530.77
45_3_2012-11-30,9149.325
45_4_2012-11-30,17497.766
45_5_2012-11-30,24961.035
45_6_2012-11-30,8378.886
45_1_2012-12-07,16439.7
45_2_2012-12-07,34910.535
45_3_2012-12-07,9045.885
45_4_2012-12-07,18007.432
45_5_2012-12-07,26173.057
45_6_2012-12-07,4045.0928
45_1_2012-12-14,19256.6
45_2_2012-12-14,35173.176
45_3_2012-12-14,8714.35
45_4_2012-12-14,16997.19
45_5_2012-12-14,34336.023
45_6_2012-12-14,4912.715
45_1_2012-12-21,22989.775
45_2_2012-12-21,39200.54
45_3_2012-12-21,11811.794
45_4_2012-12-21,18786.42
45_5_2012-12-21,48375.4
45_6_2012-12-21,8957.99
45_1_2012-12-28,12164.811
45_2_2012-12-28,30591.863
45_3_2012-12-28,7517.1265
45_4_2012-12-28,15666.318
45_5_2012-12-28,25394.848
45_6_2012-12-28,6871.0425
45_1_2013-01-04,10104.217
45_2_2013-01-04,32229.498
45_3_2013-01-04,8962.08
45_4_2013-01-04,17592.164
45_5_2013-01-04,17553.326
45_6_2013-01-04,3057.1235
45_1_2013-01-11,11458.399
45_2_2013-01-11,30533.19
45_3_2013-01-11,8880.375
45_4_2013-01-11,16184.77
45_5_2013-01-11,16449.064
45_6_2013-01-11,3121.9993
45_1_2013-01-18,13666.358
45_2_2013-01-18,31067.092
45_3_2013-01-18,8831.194
45_4_2013-01-18,15921.818
45_5_2013-01-18,18228.664
45_6_2013-01-18,2518.659
45_1_2013-01-25,10432.434
45_2_2013-01-25,29886.742
45_3_2013-01-25,10425.504
45_4_2013-01-25,15350.13
45_5_2013-01-25,21796.238
45_6_2013-01-25,3991.7837
45_1_2013-02-01,16061.17
45_2_2013-02-01,32484.873
45_3_2013-02-01,8002.1553
45_4_2013-02-01,17804.424
45_5_2013-02-01,20370.312
45_6_2013-02-01,2976.6685
45_1_2013-02-08,16922.908
45_2_2013-02-08,33887.914
45_3_2013-02-08,9727.798
45_4_2013-02-08,18560.916
45_5_2013-02-08,23040.703
45_6_2013-02-08,4154.467
45_1_2013-02-15,17771.559
45_2_2013-02-15,32264.074
45_3_2013-02-15,8473.532
45_4_2013-02-15,17182.18
45_5_2013-02-15,21020.58
45_6_2013-02-15,3600.34
45_1_2013-02-22,22544.623
45_2_2013-02-22,31225.605
45_3_2013-02-22,6784.917
45_4_2013-02-22,15896.767
45_5_2013-02-22,28365.76
45_6_2013-02-22,3735.8496
45_1_2013-03-01,16771.117
45_2_2013-03-01,33167.59
45_3_2013-03-01,7161.6343
45_4_2013-03-01,17156.5
45_5_2013-03-01,19201.203
45_6_2013-03-01,2787.692
45_1_2013-03-08,14175.621
45_2_2013-03-08,34194.05
45_3_2013-03-08,8155.9683
45_4_2013-03-08,17838.979
45_5_2013-03-08,20053.611
45_6_2013-03-08,4411.1143
45_1_2013-03-15,13265.361
45_2_2013-03-15,32909.01
45_3_2013-03-15,8064.614
45_4_2013-03-15,17097.975
45_5_2013-03-15,20055.158
45_6_2013-03-15,3546.052
45_1_2013-03-22,19849.23
45_2_2013-03-22,31841.266
45_3_2013-03-22,7671.0356
45_4_2013-03-22,16648.916
45_5_2013-03-22,19658.16
45_6_2013-03-22,3970.383
45_1_2013-03-29,13653.586
45_2_2013-03-29,32029.645
45_3_2013-03-29,7544.9214
45_4_2013-03-29,16971.902
45_5_2013-03-29,18090.285
45_6_2013-03-29,3436.35
45_1_2013-04-05,20130.74
45_2_2013-04-05,34377.63
45_3_2013-04-05,7660.2354
45_4_2013-04-05,17876.084
45_5_2013-04-05,19568.701
45_6_2013-04-05,3847.9573
45_1_2013-04-12,13202.133
45_2_2013-04-12,32998.152
45_3_2013-04-12,7540.73
45_4_2013-04-12,16926.227
45_5_2013-04-12,17793.602
45_6_2013-04-12,4273.7124
45_1_2013-04-19,14381.548
45_2_2013-04-19,33033.65
45_3_2013-04-19,8173.5327
45_4_2013-04-19,17070.562
45_5_2013-04-19,16831.72
45_6_2013-04-19,3639.3762
45_1_2013-04-26,13137.044
45_2_2013-04-26,32204.578
45_3_2013-04-26,7716.488
45_4_2013-04-26,16683.686
45_5_2013-04-26,21384.686
45_6_2013-04-26,3136.863
45_1_2013-05-03,16898.736
45_2_2013-05-03,36445.836
45_3_2013-05-03,8173.687
45_4_2013-05-03,18324.07
45_5_2013-05-03,17219.586
45_6_2013-05-03,4150.4575
45_1_2013-05-10,13905.491
45_2_2013-05-10,35302.54
45_3_2013-05-10,7387.7646
45_4_2013-05-10,17852.717
45_5_2013-05-10,17803.568
45_6_2013-05-10,5039.738
45_1_2013-05-17,12922.462
45_2_2013-05-17,34598.105
45_3_2013-05-17,7469.96
45_4_2013-05-17,17806.914
45_5_2013-05-17,19050.523
45_6_2013-05-17,4335.6147
45_1_2013-05-24,12529.882
45_2_2013-05-24,35433.38
45_3_2013-05-24,7367.7925
45_4_2013-05-24,17846.408
45_5_2013-05-24,17323.883
45_6_2013-05-24,3517.3503
45_1_2013-05-31,13076.236
45_2_2013-05-31,34506.13
45_3_2013-05-31,10193.698
45_4_2013-05-31,18073.594
45_5_2013-05-31,17341.766
45_6_2013-05-31,3849.718
45_1_2013-06-07,11539.994
45_2_2013-06-07,37702.37
45_3_2013-06-07,13920.417
45_4_2013-06-07,18736.904
45_5_2013-06-07,18219.074
45_6_2013-06-07,4437.5093
45_1_2013-06-14,11869.613
45_2_2013-06-14,35952.332
45_3_2013-06-14,9959.551
45_4_2013-06-14,17318.54
45_5_2013-06-14,18125.533
45_6_2013-06-14,3951.4329
45_1_2013-06-21,12364.562
45_2_2013-06-21,35935.883
45_3_2013-06-21,9879.713
45_4_2013-06-21,17802.256
45_5_2013-06-21,17542.14
45_6_2013-06-21,3881.1118
45_1_2013-06-28,11525.933
45_2_2013-06-28,36056.83
45_3_2013-06-28,13550.483
45_4_2013-06-28,17877.42
45_5_2013-06-28,16692.996
45_6_2013-06-28,4300.826
45_1_2013-07-05,11767.606
45_2_2013-07-05,38323.26
45_3_2013-07-05,12978.083
45_4_2013-07-05,19987.182
45_5_2013-07-05,15826.108
45_6_2013-07-05,4898.0244
45_1_2013-07-12,11704.428
45_2_2013-07-12,36509.85
45_3_2013-07-12,18254.229
45_4_2013-07-12,17809.197
45_5_2013-07-12,15251.17
45_6_2013-07-12,4037.218
45_1_2013-07-19,12218.297
45_2_2013-07-19,36877.336
45_3_2013-07-19,23367.383
45_4_2013-07-19,18357.12
45_5_2013-07-19,14167.679
45_6_2013-07-19,4308.306
45_1_2013-07-26,12370.41
45_2_2013-07-26,36255.08
45_3_2013-07-26,23007.072
45_4_2013-07-26,18183.395
45_5_2013-07-26,13992.772
45_6_2013-07-26,4247.1924
